experiment,label,test,p-value
Self-Guided Misleading,misled,Fisher's Exact Test,0.02037279175315088
Self-Guided Misleading,decision_reached,Fisher's Exact Test,1.0979873400083272e-05
Self-Guided Misleading,iterations_needed,Mann-Whitney U Test,0.000175174210846051
Invent Sources,misled,Fisher's Exact Test,0.047022325948256706
Math Focus,iterations_needed,Mann-Whitney U Test,0.024430691620137637
Multiple Alternatives,misled,Fisher's Exact Test,0.002128557265634993
No Goal Given,iterations_needed,Mann-Whitney U Test,0.006475760958476228
React Flexibly,iterations_needed,Mann-Whitney U Test,0.037887789085096046
Safe Humanity,iterations_needed,Mann-Whitney U Test,0.04792045446536894
